Name,Points,PerKr,URL,ImgURL
24shop,20,100,https://onlineshopping.flysas.com/se/24.se/19232/,https://onlineshopping.flysas.com/Images/Shops/24.se/se.jpg
About you,50,100,https://onlineshopping.flysas.com/se/about-you/19315/,https://onlineshopping.flysas.com/Images/Shops/about-you/se.jpg
Acer,25,100,https://onlineshopping.flysas.com/se/acer/19474/,https://onlineshopping.flysas.com/Images/Shops/acer/se.jpg
ActionKing.se,50,100,https://onlineshopping.flysas.com/se/actionking.se/18563/,https://onlineshopping.flysas.com/Images/Shops/actionking.se/se.jpg
Adidas,25,100,https://onlineshopping.flysas.com/se/adidas/19091/,https://onlineshopping.flysas.com/Images/Shops/adidas/se.jpg
Adlibris,50,100,https://onlineshopping.flysas.com/se/adlibris/7313/,https://onlineshopping.flysas.com/Images/Shops/adlibris/se.jpg
Afound,25,100,https://onlineshopping.flysas.com/se/afound/19545/,https://onlineshopping.flysas.com/Images/Shops/afound/se.jpg
Agood Company,25,100,https://onlineshopping.flysas.com/se/agood-company/19534/,https://onlineshopping.flysas.com/Images/Shops/agood-company/se.jpg
Åhléns,20,100,https://onlineshopping.flysas.com/se/ahlens/8003/,https://onlineshopping.flysas.com/Images/Shops/Ahlens/se.jpg
Akademibokhandeln,25,100,https://onlineshopping.flysas.com/se/akademibokhandeln/19563/,https://onlineshopping.flysas.com/Images/Shops/akademibokhandeln/se.jpg
Albrekts Guld,25,100,https://onlineshopping.flysas.com/se/albrekts-guld/18360/,https://onlineshopping.flysas.com/Images/Shops/albrekts-guld/se.jpg
Alensa,25,100,https://onlineshopping.flysas.com/se/alensa-1/19226/,https://onlineshopping.flysas.com/Images/Shops/alensa-1/se.jpg
AliExpress,25,100,https://onlineshopping.flysas.com/se/ali-express/7749/,https://onlineshopping.flysas.com/Images/Shops/ali-express/se.jpg
alldo.se,50,100,https://onlineshopping.flysas.com/se/alldo.se-1/18211/,https://onlineshopping.flysas.com/Images/Shops/alldo.se-1/se.jpg
Allectra,50,100,https://onlineshopping.flysas.com/se/allectra/18912/,https://onlineshopping.flysas.com/Images/Shops/allectra/se.jpg
Allente,1,,https://onlineshopping.flysas.com/se/viasat/18767/,https://onlineshopping.flysas.com/Images/Shops/viasat/se.jpg
Allt i hemmet,500,,https://onlineshopping.flysas.com/se/allt-i-hemmet--6-nr-+-2-mon-amie-skalar/19138/,https://onlineshopping.flysas.com/Images/Shops/allt-i-hemmet--6-nr-+-2-mon-amie-skalar/se.jpg
Amelia,500,,https://onlineshopping.flysas.com/se/amlia/19002/,https://onlineshopping.flysas.com/Images/Shops/amlia/se.jpg
An Ivy,25,100,https://onlineshopping.flysas.com/se/an-ivy/19124/,https://onlineshopping.flysas.com/Images/Shops/an-ivy/se.jpg
ANINE BING,50,100,https://onlineshopping.flysas.com/se/anine-bing/19150/,https://onlineshopping.flysas.com/Images/Shops/anine-bing/se.jpg
Anodyne,50,100,https://onlineshopping.flysas.com/se/anodyne/19324/,https://onlineshopping.flysas.com/Images/Shops/anodyne/se.jpg
Antibite,100,100,https://onlineshopping.flysas.com/se/antibite/18516/,https://onlineshopping.flysas.com/Images/Shops/antibite/se.jpg
Apohem,25,100,https://onlineshopping.flysas.com/se/apohem/18744/,https://onlineshopping.flysas.com/Images/Shops/apohem/se.jpg
Apotek Hjärtat,25,100,https://onlineshopping.flysas.com/se/apotek-hjartat/17260/,https://onlineshopping.flysas.com/Images/Shops/apotek-hjartat/se.jpg
Apotek365,25,100,https://onlineshopping.flysas.com/se/apotek365/16370/,https://onlineshopping.flysas.com/Images/Shops/apotek365/se.jpg
Apoteket,25,100,https://onlineshopping.flysas.com/se/apoteket/18381/,https://onlineshopping.flysas.com/Images/Shops/apoteket/se.jpg
Apple,10,100,https://onlineshopping.flysas.com/se/apple/7023/,https://onlineshopping.flysas.com/Images/Shops/apple/se.jpg
Apuls24,50,100,https://onlineshopping.flysas.com/se/apuls24/19297/,https://onlineshopping.flysas.com/Images/Shops/apuls24/se.jpg
ARCY,200,,https://onlineshopping.flysas.com/se/arcy/19377/,https://onlineshopping.flysas.com/Images/Shops/arcy/se.jpg
Arken Zoo,25,100,https://onlineshopping.flysas.com/se/arken-zoo/19570/,https://onlineshopping.flysas.com/Images/Shops/arken-zoo/se.jpg
ARKET,25,100,https://onlineshopping.flysas.com/se/arket/18797/,https://onlineshopping.flysas.com/Images/Shops/arket/se.jpg
Årstiderna,750,,https://onlineshopping.flysas.com/se/arstiderna/18159/,https://onlineshopping.flysas.com/Images/Shops/Arstiderna/se.jpg
Artiks,100,100,https://onlineshopping.flysas.com/se/artiks/18841/,https://onlineshopping.flysas.com/Images/Shops/artiks/se.jpg
Åshild,25,100,https://onlineshopping.flysas.com/se/ashild/19259/,https://onlineshopping.flysas.com/Images/Shops/Ashild/se.jpg
ASOS,25,100,https://onlineshopping.flysas.com/se/asos-1/18509/,https://onlineshopping.flysas.com/Images/Shops/asos-1/se.jpg
Asus,10,100,https://onlineshopping.flysas.com/se/asus/19520/,https://onlineshopping.flysas.com/Images/Shops/asus/se.jpg
Atletbutiken,25,100,https://onlineshopping.flysas.com/se/atletbutiken-1/19228/,https://onlineshopping.flysas.com/Images/Shops/atletbutiken-1/se.jpg
Atredo,25,100,https://onlineshopping.flysas.com/se/atredo-1/19370/,https://onlineshopping.flysas.com/Images/Shops/atredo-1/se.jpg
Australian Bodycare,100,100,https://onlineshopping.flysas.com/se/australian-bodycare/19248/,https://onlineshopping.flysas.com/Images/Shops/australian-bodycare/se.jpg
Autobutler,500,,https://onlineshopping.flysas.com/se/autobutler/18927/,https://onlineshopping.flysas.com/Images/Shops/autobutler/se.jpg
Autodude,25,100,https://onlineshopping.flysas.com/se/autodude/19376/,https://onlineshopping.flysas.com/Images/Shops/autodude/se.jpg
Autoexperten,25,100,https://onlineshopping.flysas.com/se/autoexperten/19029/,https://onlineshopping.flysas.com/Images/Shops/autoexperten/se.jpg
Aware Nutrition,50,100,https://onlineshopping.flysas.com/se/aware-nutrition/19253/,https://onlineshopping.flysas.com/Images/Shops/aware-nutrition/se.jpg
AZDesign,25,100,https://onlineshopping.flysas.com/se/azdesign/19346/,https://onlineshopping.flysas.com/Images/Shops/azdesign/se.jpg
Baby V,25,100,https://onlineshopping.flysas.com/se/baby-v/18999/,https://onlineshopping.flysas.com/Images/Shops/baby-v/se.jpg
BabyBjörn,50,100,https://onlineshopping.flysas.com/se/babybjorn/18814/,https://onlineshopping.flysas.com/Images/Shops/babybjorn/se.jpg
Babyface,25,100,https://onlineshopping.flysas.com/se/babyface/9258/,https://onlineshopping.flysas.com/Images/Shops/babyface/se.jpg
Babyshop,25,100,https://onlineshopping.flysas.com/se/babyshop/6916/,https://onlineshopping.flysas.com/Images/Shops/babyshop/se.jpg
Bagaren och Kocken,25,100,https://onlineshopping.flysas.com/se/bagaren-och-kocken/7881/,https://onlineshopping.flysas.com/Images/Shops/bagaren-och-kocken/se.jpg
Bang & Olufsen,25,100,https://onlineshopping.flysas.com/se/bang-olufsen/19562/,https://onlineshopping.flysas.com/Images/Shops/bang-olufsen/se.jpg
Bangerhead,25,100,https://onlineshopping.flysas.com/se/bangerhead/6917/,https://onlineshopping.flysas.com/Images/Shops/bangerhead/se.jpg
Banggood,25,100,https://onlineshopping.flysas.com/se/banggood/19533/,https://onlineshopping.flysas.com/Images/Shops/banggood/se.jpg
Båtlagret.se,25,100,https://onlineshopping.flysas.com/se/batlagret.se/19300/,https://onlineshopping.flysas.com/Images/Shops/batlagret.se/se.jpg
Batteries-Online,25,100,https://onlineshopping.flysas.com/se/batteries-online.se/19078/,https://onlineshopping.flysas.com/Images/Shops/batteries-online.se/se.jpg
Batteriexperten,50,100,https://onlineshopping.flysas.com/se/batteriexperten/7033/,https://onlineshopping.flysas.com/Images/Shops/batteriexperten/se.jpg
Bättre Nätter,25,100,https://onlineshopping.flysas.com/se/bedre-nætter/18174/,https://onlineshopping.flysas.com/Images/Shops/bedre-nætter/se.jpg
Beardshop,50,100,https://onlineshopping.flysas.com/se/beardshop/18873/,https://onlineshopping.flysas.com/Images/Shops/beardshop/se.jpg
Beautycos,25,100,https://onlineshopping.flysas.com/se/beautycos/8015/,https://onlineshopping.flysas.com/Images/Shops/beautycos/se.jpg
Beijer Byggmaterial,25,100,https://onlineshopping.flysas.com/se/beijer-byggmaterial/8052/,https://onlineshopping.flysas.com/Images/Shops/beijer-byggmaterial/se.jpg
Bemz,50,100,https://onlineshopping.flysas.com/se/bemz/9169/,https://onlineshopping.flysas.com/Images/Shops/bemz/se.jpg
Bestcanvas,50,100,https://onlineshopping.flysas.com/se/bestcanvas/9303/,https://onlineshopping.flysas.com/Images/Shops/bestcanvas/se.jpg
Bestories,25,100,https://onlineshopping.flysas.com/se/bestories/19419/,https://onlineshopping.flysas.com/Images/Shops/bestories/se.jpg
Bestseller,50,100,https://onlineshopping.flysas.com/se/bestseller-dk-+-se/18657/,https://onlineshopping.flysas.com/Images/Shops/bestseller-dk-+-se/se.jpg
Better Feast,1,,https://onlineshopping.flysas.com/se/betterfeast/19383/,https://onlineshopping.flysas.com/Images/Shops/betterfeast/se.jpg
Bikvy,50,100,https://onlineshopping.flysas.com/se/bikvy/19575/,https://onlineshopping.flysas.com/Images/Shops/bikvy/se.jpg
Bildelar-Online,25,100,https://onlineshopping.flysas.com/se/bildelar-online--sas/18727/,https://onlineshopping.flysas.com/Images/Shops/bildelar-online--sas/se.jpg
Billig Fitness,25,100,https://onlineshopping.flysas.com/se/billig-fitness/19561/,https://onlineshopping.flysas.com/Images/Shops/billig-fitness/se.jpg
Billiga-tester.se,50,100,https://onlineshopping.flysas.com/se/billiga-tester.se/19298/,https://onlineshopping.flysas.com/Images/Shops/billiga-tester.se/se.jpg
Billigteknik,25,100,https://onlineshopping.flysas.com/se/billigteknik/8674/,https://onlineshopping.flysas.com/Images/Shops/billigteknik/se.jpg
Bimago,50,100,https://onlineshopping.flysas.com/se/bimago/18853/,https://onlineshopping.flysas.com/Images/Shops/bimago/se.jpg
Björn Borg,25,100,https://onlineshopping.flysas.com/se/bjorn-borg/7144/,https://onlineshopping.flysas.com/Images/Shops/bjorn-borg/se.jpg
Black Iron Horse,25,100,https://onlineshopping.flysas.com/se/black-iron-horse/19516/,https://onlineshopping.flysas.com/Images/Shops/black-iron-horse/se.jpg
Blue Tomato,25,100,https://onlineshopping.flysas.com/se/blue-tomato/7160/,https://onlineshopping.flysas.com/Images/Shops/blue-tomato/se.jpg
Bodystore,25,100,https://onlineshopping.flysas.com/se/bodystore.com/7325/,https://onlineshopping.flysas.com/Images/Shops/bodystore.com/se.jpg
Bokbörsen,25,100,https://onlineshopping.flysas.com/se/bokborsen/18562/,https://onlineshopping.flysas.com/Images/Shops/bokborsen/se.jpg
Bokus Play,125,,https://onlineshopping.flysas.com/se/bokus-play/18888/,https://onlineshopping.flysas.com/Images/Shops/bokus-play/se.jpg
Bonprix,50,100,https://onlineshopping.flysas.com/se/bonprix/18908/,https://onlineshopping.flysas.com/Images/Shops/bonprix/se.jpg
Bonti,25,100,https://onlineshopping.flysas.com/se/bonti-1/19338/,https://onlineshopping.flysas.com/Images/Shops/bonti-1/se.jpg
Boohoo,50,100,https://onlineshopping.flysas.com/se/boohoo/7346/,https://onlineshopping.flysas.com/Images/Shops/boohoo/se.jpg
Bookie,1,,https://onlineshopping.flysas.com/se/bookie/19451/,https://onlineshopping.flysas.com/Images/Shops/bookie/se.jpg
BOSE,25,100,https://onlineshopping.flysas.com/se/bose-1/19489/,https://onlineshopping.flysas.com/Images/Shops/bose-1/se.jpg
Boxer,750,,https://onlineshopping.flysas.com/se/boxer/18154/,https://onlineshopping.flysas.com/Images/Shops/boxer/se.jpg
BoxOffice,15,100,https://onlineshopping.flysas.com/se/boxoffice/6919/,https://onlineshopping.flysas.com/Images/Shops/boxoffice/se.jpg
Bra inne mobler,25,100,https://onlineshopping.flysas.com/se/brasommarmobler/19484/,https://onlineshopping.flysas.com/Images/Shops/brasommarmobler/se.jpg
Bubbleroom,25,100,https://onlineshopping.flysas.com/se/bubbleroom/7962/,https://onlineshopping.flysas.com/Images/Shops/bubbleroom/se.jpg
Buddy Pet Foods,25,100,https://onlineshopping.flysas.com/se/buddy-pet-foods/18812/,https://onlineshopping.flysas.com/Images/Shops/buddy-pet-foods/se.jpg
Budo & Fitness,25,100,https://onlineshopping.flysas.com/se/budo-fitness/9398/,https://onlineshopping.flysas.com/Images/Shops/budo-fitness/se.jpg
Bugaboo,25,100,https://onlineshopping.flysas.com/se/bugaboo/19397/,https://onlineshopping.flysas.com/Images/Shops/bugaboo/se.jpg
Buildor,25,100,https://onlineshopping.flysas.com/se/buildor/7547/,https://onlineshopping.flysas.com/Images/Shops/buildor/se.jpg
Buttericks,50,100,https://onlineshopping.flysas.com/se/buttericks-1/19345/,https://onlineshopping.flysas.com/Images/Shops/buttericks-1/se.jpg
Buyersclub,25,100,https://onlineshopping.flysas.com/se/buyers-club/18621/,https://onlineshopping.flysas.com/Images/Shops/buyers-club/se.jpg
Byflou,25,100,https://onlineshopping.flysas.com/se/byflou/8050/,https://onlineshopping.flysas.com/Images/Shops/byflou/se.jpg
BYIC,25,100,https://onlineshopping.flysas.com/se/byic/19475/,https://onlineshopping.flysas.com/Images/Shops/byic/se.jpg
Bythjul,15,100,https://onlineshopping.flysas.com/se/bythjul/18712/,https://onlineshopping.flysas.com/Images/Shops/bythjul/se.jpg
C More,200,,https://onlineshopping.flysas.com/se/c-more/7516/,https://onlineshopping.flysas.com/Images/Shops/c-more/se.jpg
Calixter,50,100,https://onlineshopping.flysas.com/se/calixter/18895/,https://onlineshopping.flysas.com/Images/Shops/calixter/se.jpg
Campadre,25,100,https://onlineshopping.flysas.com/se/campadre/8563/,https://onlineshopping.flysas.com/Images/Shops/campadre/se.jpg
Care of Beds,25,100,https://onlineshopping.flysas.com/se/care-of-beds/19411/,https://onlineshopping.flysas.com/Images/Shops/care-of-beds/se.jpg
Care of Carl,25,100,https://onlineshopping.flysas.com/se/care-of-carl/8593/,https://onlineshopping.flysas.com/Images/Shops/care-of-carl/se.jpg
Casall,50,100,https://onlineshopping.flysas.com/se/casall-2/19344/,https://onlineshopping.flysas.com/Images/Shops/casall-2/se.jpg
CChobby,50,100,https://onlineshopping.flysas.com/se/cchobby/19302/,https://onlineshopping.flysas.com/Images/Shops/cchobby/se.jpg
CDON.COM,25,100,https://onlineshopping.flysas.com/se/cdon.com/6711/,https://onlineshopping.flysas.com/Images/Shops/cdon.com/se.jpg
Cedvard,25,100,https://onlineshopping.flysas.com/se/cedvard/19266/,https://onlineshopping.flysas.com/Images/Shops/cedvard/se.jpg
Cellbes,25,100,https://onlineshopping.flysas.com/se/cellbes/7961/,https://onlineshopping.flysas.com/Images/Shops/cellbes/se.jpg
Cewe,50,100,https://onlineshopping.flysas.com/se/cewe/18199/,https://onlineshopping.flysas.com/Images/Shops/cewe/se.jpg
Chilimobil,1,,https://onlineshopping.flysas.com/se/chili-mobil/19225/,https://onlineshopping.flysas.com/Images/Shops/chili-mobil/se.jpg
Clarins,50,100,https://onlineshopping.flysas.com/se/clarins/19427/,https://onlineshopping.flysas.com/Images/Shops/clarins/se.jpg
Climbing247,25,100,https://onlineshopping.flysas.com/se/climbing247/18189/,https://onlineshopping.flysas.com/Images/Shops/climbing247/se.jpg
Club Creo,500,,https://onlineshopping.flysas.com/se/club-creo/18702/,https://onlineshopping.flysas.com/Images/Shops/club-creo/se.jpg
Cocopanda,25,100,https://onlineshopping.flysas.com/se/cocopanda/18520/,https://onlineshopping.flysas.com/Images/Shops/cocopanda/se.jpg
Comforth Scandinavia,50,100,https://onlineshopping.flysas.com/se/comforth-scandinavia/19567/,https://onlineshopping.flysas.com/Images/Shops/comforth-scandinavia/se.jpg
Computersalg,10,100,https://onlineshopping.flysas.com/se/computersalg/19053/,https://onlineshopping.flysas.com/Images/Shops/computersalg/se.jpg
COMVIQ,1,,https://onlineshopping.flysas.com/se/comviq-1/19449/,https://onlineshopping.flysas.com/Images/Shops/comviq-1/se.jpg
Confident Living,25,100,https://onlineshopping.flysas.com/se/confident-living-/18408/,https://onlineshopping.flysas.com/Images/Shops/confident-living-/se.jpg
Confidentsmile,250,,https://onlineshopping.flysas.com/se/confidentsmile--sas-se/18556/,https://onlineshopping.flysas.com/Images/Shops/confidentsmile--sas-se/se.jpg
Conrad,25,100,https://onlineshopping.flysas.com/se/conrad/18848/,https://onlineshopping.flysas.com/Images/Shops/conrad/se.jpg
Coolshop,10,100,https://onlineshopping.flysas.com/se/coolshop/13104/,https://onlineshopping.flysas.com/Images/Shops/coolshop/se.jpg
Coopers Candy,50,100,https://onlineshopping.flysas.com/se/coopers-candy/19105/,https://onlineshopping.flysas.com/Images/Shops/coopers-candy/se.jpg
COS,25,100,https://onlineshopping.flysas.com/se/cos/19040/,https://onlineshopping.flysas.com/Images/Shops/cos/se.jpg
CyberGhost VPN,100,100,https://onlineshopping.flysas.com/se/cyberghost-vpn/19251/,https://onlineshopping.flysas.com/Images/Shops/cyberghost-vpn/se.jpg
Däck 247,500,,https://onlineshopping.flysas.com/se/dack247/18230/,https://onlineshopping.flysas.com/Images/Shops/dack247/se.jpg
dackonline.se,15,100,https://onlineshopping.flysas.com/se/dackonline.se-1/18481/,https://onlineshopping.flysas.com/Images/Shops/dackonline.se-1/se.jpg
Dagens Industri,500,,https://onlineshopping.flysas.com/se/dagens-industri/18554/,https://onlineshopping.flysas.com/Images/Shops/dagens-industri/se.jpg
Daily Sports,50,100,https://onlineshopping.flysas.com/se/dailysports/12497/,https://onlineshopping.flysas.com/Images/Shops/dailysports/se.jpg
Daniel Wellington,50,100,https://onlineshopping.flysas.com/se/daniel-wellington/19437/,https://onlineshopping.flysas.com/Images/Shops/daniel-wellington/se.jpg
Daynight Casual,25,100,https://onlineshopping.flysas.com/se/daynight-casual/19279/,https://onlineshopping.flysas.com/Images/Shops/daynight-casual/se.jpg
Db Journey,25,100,https://onlineshopping.flysas.com/se/db-journey/19417/,https://onlineshopping.flysas.com/Images/Shops/db-journey/se.jpg
DELL,10,100,https://onlineshopping.flysas.com/se/dell-1/19303/,https://onlineshopping.flysas.com/Images/Shops/dell-1/se.jpg
Dentaworks,100,100,https://onlineshopping.flysas.com/se/dentaworks/7479/,https://onlineshopping.flysas.com/Images/Shops/dentaworks/se.jpg
Designtorget,25,100,https://onlineshopping.flysas.com/se/designtorget/18640/,https://onlineshopping.flysas.com/Images/Shops/designtorget/se.jpg
Desigual,25,100,https://onlineshopping.flysas.com/se/desigual/7388/,https://onlineshopping.flysas.com/Images/Shops/desigual/se.jpg
Dharmazone,50,100,https://onlineshopping.flysas.com/se/dharmazone/19073/,https://onlineshopping.flysas.com/Images/Shops/dharmazone/se.jpg
dinvitamin,50,100,https://onlineshopping.flysas.com/se/din-vitamin/19512/,https://onlineshopping.flysas.com/Images/Shops/din-vitamin/se.jpg
Direct Ferries,10,100,https://onlineshopping.flysas.com/se/direct-ferries/19577/,https://onlineshopping.flysas.com/Images/Shops/direct-ferries/se.jpg
Discshop,15,100,https://onlineshopping.flysas.com/se/discshop/6965/,https://onlineshopping.flysas.com/Images/Shops/discshop/se.jpg
Disney+,500,,https://onlineshopping.flysas.com/se/disney+-1/19237/,https://onlineshopping.flysas.com/Images/Shops/disney+-1/se.jpg
Dogman,25,100,https://onlineshopping.flysas.com/se/dogman/19521/,https://onlineshopping.flysas.com/Images/Shops/dogman/se.jpg
Dplay,250,,https://onlineshopping.flysas.com/se/dplay.se/19282/,https://onlineshopping.flysas.com/Images/Shops/dplay.se/se.jpg
Droppbollen,10,100,https://onlineshopping.flysas.com/se/droppbollen/19326/,https://onlineshopping.flysas.com/Images/Shops/droppbollen/se.jpg
Dunbutiken,25,100,https://onlineshopping.flysas.com/se/dunbutiken/16938/,https://onlineshopping.flysas.com/Images/Shops/dunbutiken/se.jpg
Dustin,10,100,https://onlineshopping.flysas.com/se/dustin-1/18416/,https://onlineshopping.flysas.com/Images/Shops/dustin-1/se.jpg
Dustin Home,10,100,https://onlineshopping.flysas.com/se/dustin-home--performission/18417/,https://onlineshopping.flysas.com/Images/Shops/dustin-home--performission/se.jpg
Dynamic Code,50,100,https://onlineshopping.flysas.com/se/dynamic-code/18877/,https://onlineshopping.flysas.com/Images/Shops/dynamic-code/se.jpg
Dyrberg Kern,25,100,https://onlineshopping.flysas.com/se/dyrberg-kern/17337/,https://onlineshopping.flysas.com/Images/Shops/dyrberg-kern/se.jpg
Dyson,25,100,https://onlineshopping.flysas.com/se/dyson/19442/,https://onlineshopping.flysas.com/Images/Shops/dyson/se.jpg
E-ville,50,100,https://onlineshopping.flysas.com/se/e-ville-1/19114/,https://onlineshopping.flysas.com/Images/Shops/e-ville-1/se.jpg
E-Wheels,50,100,https://onlineshopping.flysas.com/se/e-wheels-2/19369/,https://onlineshopping.flysas.com/Images/Shops/e-wheels-2/se.jpg
Ebbe,25,100,https://onlineshopping.flysas.com/se/ebbekids/18871/,https://onlineshopping.flysas.com/Images/Shops/ebbekids/se.jpg
Ecco,10,100,https://onlineshopping.flysas.com/se/ecco-sko/19588/,https://onlineshopping.flysas.com/Images/Shops/ecco-sko/se.jpg
Ecooking,50,100,https://onlineshopping.flysas.com/se/ecooking/19438/,https://onlineshopping.flysas.com/Images/Shops/ecooking/se.jpg
Efva Attling,50,100,https://onlineshopping.flysas.com/se/efva-attling/7426/,https://onlineshopping.flysas.com/Images/Shops/efva-attling/se.jpg
Elbilsvaruhuset,25,100,https://onlineshopping.flysas.com/se/elbilsvaruhuset/19597/,https://onlineshopping.flysas.com/Images/Shops/elbilsvaruhuset/se.jpg
Elcykelvaruhuset,10,100,https://onlineshopping.flysas.com/se/el-cykelvarehuset/19368/,https://onlineshopping.flysas.com/Images/Shops/el-cykelvarehuset/se.jpg
Electrolux,25,100,https://onlineshopping.flysas.com/se/electrolux/19429/,https://onlineshopping.flysas.com/Images/Shops/electrolux/se.jpg
Electrolux Spares & accessorie..,25,100,https://onlineshopping.flysas.com/se/electrolux-spares-accessories/19496/,https://onlineshopping.flysas.com/Images/Shops/electrolux-spares-accessories/se.jpg
Ellos,25,100,https://onlineshopping.flysas.com/se/ellos-3/18058/,https://onlineshopping.flysas.com/Images/Shops/ellos-3/se.jpg
ELON,10,100,https://onlineshopping.flysas.com/se/elon-/18845/,https://onlineshopping.flysas.com/Images/Shops/elon-/se.jpg
Elskling,500,,https://onlineshopping.flysas.com/se/elskling.se/19250/,https://onlineshopping.flysas.com/Images/Shops/elskling.se/se.jpg
Emma Madrass,20,100,https://onlineshopping.flysas.com/se/emma-madrass/19185/,https://onlineshopping.flysas.com/Images/Shops/emma-madrass/se.jpg
EMP-Shop,25,100,https://onlineshopping.flysas.com/se/emp-shop/19480/,https://onlineshopping.flysas.com/Images/Shops/emp-shop/se.jpg
Enklare Liv,25,100,https://onlineshopping.flysas.com/se/enklare-liv/8765/,https://onlineshopping.flysas.com/Images/Shops/enklare-liv/se.jpg
Eskor,15,100,https://onlineshopping.flysas.com/se/eskor/18749/,https://onlineshopping.flysas.com/Images/Shops/eskor/se.jpg
Estore.nu,25,100,https://onlineshopping.flysas.com/se/estore.nu/19116/,https://onlineshopping.flysas.com/Images/Shops/estore.nu/se.jpg
Etanolkamin-Shop,25,100,https://onlineshopping.flysas.com/se/etanolkamin-shop/19317/,https://onlineshopping.flysas.com/Images/Shops/etanolkamin-shop/se.jpg
ETON,25,100,https://onlineshopping.flysas.com/se/eton/18795/,https://onlineshopping.flysas.com/Images/Shops/eton/se.jpg
EuroFlorist,25,100,https://onlineshopping.flysas.com/se/euroflorist/7454/,https://onlineshopping.flysas.com/Images/Shops/euroflorist/se.jpg
Eurotoys,25,100,https://onlineshopping.flysas.com/se/eurotoys/7372/,https://onlineshopping.flysas.com/Images/Shops/eurotoys/se.jpg
Evoli försäkring,1,,https://onlineshopping.flysas.com/se/evoli/19348/,https://onlineshopping.flysas.com/Images/Shops/evoli/se.jpg
Exclusive Horse Wear,50,100,https://onlineshopping.flysas.com/se/exklusive-horse-wear/7969/,https://onlineshopping.flysas.com/Images/Shops/exklusive-horse-wear/se.jpg
Familyfood,1,,https://onlineshopping.flysas.com/se/familyfood/19127/,https://onlineshopping.flysas.com/Images/Shops/familyfood/se.jpg
Farfetch,25,100,https://onlineshopping.flysas.com/se/farfetch-1/19357/,https://onlineshopping.flysas.com/Images/Shops/farfetch-1/se.jpg
Farnell,50,100,https://onlineshopping.flysas.com/se/farnell/19067/,https://onlineshopping.flysas.com/Images/Shops/farnell/se.jpg
Fello,750,,https://onlineshopping.flysas.com/se/fello/18572/,https://onlineshopping.flysas.com/Images/Shops/fello/se.jpg
Fibio,1,,https://onlineshopping.flysas.com/se/fibio/19264/,https://onlineshopping.flysas.com/Images/Shops/fibio/se.jpg
Filur Namnlappar,50,100,https://onlineshopping.flysas.com/se/filur-namnlappar/19012/,https://onlineshopping.flysas.com/Images/Shops/filur-namnlappar/se.jpg
Flattered,50,100,https://onlineshopping.flysas.com/se/flattered/19006/,https://onlineshopping.flysas.com/Images/Shops/flattered/se.jpg
Flixbus,25,100,https://onlineshopping.flysas.com/se/flixbus/18746/,https://onlineshopping.flysas.com/Images/Shops/flixbus/se.jpg
Florister i Sverige,50,100,https://onlineshopping.flysas.com/se/floristerisverige/19047/,https://onlineshopping.flysas.com/Images/Shops/floristerisverige/se.jpg
Flygbussarna,10,100,https://onlineshopping.flysas.com/se/flygbussarna/19595/,https://onlineshopping.flysas.com/Images/Shops/flygbussarna/se.jpg
Foderboxen,50,100,https://onlineshopping.flysas.com/se/foderboxen-1/18213/,https://onlineshopping.flysas.com/Images/Shops/foderboxen-1/se.jpg
Footpatrol,25,100,https://onlineshopping.flysas.com/se/footpatrol/19445/,https://onlineshopping.flysas.com/Images/Shops/footpatrol/se.jpg
Footshop.eu,50,100,https://onlineshopping.flysas.com/se/footshop.eu/19151/,https://onlineshopping.flysas.com/Images/Shops/footshop.eu/se.jpg
Foreo,50,100,https://onlineshopping.flysas.com/se/foreo/18583/,https://onlineshopping.flysas.com/Images/Shops/foreo/se.jpg
Frank Dandy,50,100,https://onlineshopping.flysas.com/se/frank-dandy/7021/,https://onlineshopping.flysas.com/Images/Shops/frank-dandy/se.jpg
Fristads,50,100,https://onlineshopping.flysas.com/se/fristads/19391/,https://onlineshopping.flysas.com/Images/Shops/fristads/se.jpg
Fritz Magnus,50,100,https://onlineshopping.flysas.com/se/fritz-magnus/18782/,https://onlineshopping.flysas.com/Images/Shops/fritz-magnus/se.jpg
Fruugo,10,100,https://onlineshopping.flysas.com/se/fruugo/19488/,https://onlineshopping.flysas.com/Images/Shops/fruugo/se.jpg
Fyndiq,75,,https://onlineshopping.flysas.com/se/fyndiq/8562/,https://onlineshopping.flysas.com/Images/Shops/fyndiq/se.jpg
Gameshop,25,100,https://onlineshopping.flysas.com/se/gameshop-1/19388/,https://onlineshopping.flysas.com/Images/Shops/gameshop-1/se.jpg
Gaming Gadgets,25,100,https://onlineshopping.flysas.com/se/gaming-gadgets/19390/,https://onlineshopping.flysas.com/Images/Shops/gaming-gadgets/se.jpg
Ganni,25,100,https://onlineshopping.flysas.com/se/ganni-1/19430/,https://onlineshopping.flysas.com/Images/Shops/ganni-1/se.jpg
GardenStore,50,100,https://onlineshopping.flysas.com/se/gardenstore/19163/,https://onlineshopping.flysas.com/Images/Shops/gardenstore/se.jpg
Gasello,25,100,https://onlineshopping.flysas.com/se/gasello/7582/,https://onlineshopping.flysas.com/Images/Shops/gasello/se.jpg
Geggamoja,50,100,https://onlineshopping.flysas.com/se/geggamoja-1/18630/,https://onlineshopping.flysas.com/Images/Shops/geggamoja-1/se.jpg
Gents,25,100,https://onlineshopping.flysas.com/se/gents/18831/,https://onlineshopping.flysas.com/Images/Shops/gents/se.jpg
Gina Tricot,25,100,https://onlineshopping.flysas.com/se/gina-tricot-ab/8561/,https://onlineshopping.flysas.com/Images/Shops/gina-tricot-ab/se.jpg
Ginza,25,100,https://onlineshopping.flysas.com/se/ginza/8605/,https://onlineshopping.flysas.com/Images/Shops/ginza/se.jpg
Gjensidige bilförsäkring..,3,,https://onlineshopping.flysas.com/se/gjensidige-bilforsakring/19423/,https://onlineshopping.flysas.com/Images/Shops/gjensidige-bilforsakring/se.jpg
Glamazon.se,25,100,https://onlineshopping.flysas.com/se/glamazon.se/10408/,https://onlineshopping.flysas.com/Images/Shops/glamazon.se/se.jpg
Glas Huset Malmø,25,100,https://onlineshopping.flysas.com/se/glas-huset-malmø/19584/,https://onlineshopping.flysas.com/Images/Shops/glas-huset-malmø/se.jpg
GLAS Scandinavia,10,100,https://onlineshopping.flysas.com/se/glas-scandinavia/19524/,https://onlineshopping.flysas.com/Images/Shops/glas-scandinavia/se.jpg
Glossybox,25,100,https://onlineshopping.flysas.com/se/glossybox/7527/,https://onlineshopping.flysas.com/Images/Shops/glossybox/se.jpg
GO DREAM,50,100,https://onlineshopping.flysas.com/se/go-dream/18120/,https://onlineshopping.flysas.com/Images/Shops/go-dream/se.jpg
Golvpoolen,15,100,https://onlineshopping.flysas.com/se/golvpoolen/18097/,https://onlineshopping.flysas.com/Images/Shops/golvpoolen/se.jpg
Gör Det Själv: 2 tidningar +..,500,,https://onlineshopping.flysas.com/se/gor-det-sjalv/19402/,https://onlineshopping.flysas.com/Images/Shops/gor-det-sjalv/se.jpg
Gorilla Sports,25,100,https://onlineshopping.flysas.com/se/gorilla-sports/18095/,https://onlineshopping.flysas.com/Images/Shops/gorilla-sports/se.jpg
Grand Parfymeri,25,100,https://onlineshopping.flysas.com/se/grand-parfymeri/7884/,https://onlineshopping.flysas.com/Images/Shops/grand-parfymeri/se.jpg
Granit,25,100,https://onlineshopping.flysas.com/se/granit/18793/,https://onlineshopping.flysas.com/Images/Shops/granit/se.jpg
Greatdays,50,100,https://onlineshopping.flysas.com/se/greatdays/7893/,https://onlineshopping.flysas.com/Images/Shops/greatdays/se.jpg
Greatlife,25,100,https://onlineshopping.flysas.com/se/greatlife.se/18160/,https://onlineshopping.flysas.com/Images/Shops/greatlife.se/se.jpg
Greenely,1,,https://onlineshopping.flysas.com/se/greenely/19274/,https://onlineshopping.flysas.com/Images/Shops/greenely/se.jpg
Grooming,25,100,https://onlineshopping.flysas.com/se/grooming-1/19033/,https://onlineshopping.flysas.com/Images/Shops/grooming-1/se.jpg
Guldfynd,25,100,https://onlineshopping.flysas.com/se/guldfynd/7990/,https://onlineshopping.flysas.com/Images/Shops/guldfynd/se.jpg
Gymgrossisten,25,100,https://onlineshopping.flysas.com/se/gymgrossisten/6924/,https://onlineshopping.flysas.com/Images/Shops/gymgrossisten/se.jpg
HairLust,50,100,https://onlineshopping.flysas.com/se/hairlust/19400/,https://onlineshopping.flysas.com/Images/Shops/hairlust/se.jpg
Hairsale,50,100,https://onlineshopping.flysas.com/se/hairsale-1/19041/,https://onlineshopping.flysas.com/Images/Shops/hairsale-1/se.jpg
Halebop,1,,https://onlineshopping.flysas.com/se/halebop/18903/,https://onlineshopping.flysas.com/Images/Shops/halebop/se.jpg
Hallbergs Guld,25,100,https://onlineshopping.flysas.com/se/hallbergsguld/11455/,https://onlineshopping.flysas.com/Images/Shops/hallbergsguld/se.jpg
Hallon,750,,https://onlineshopping.flysas.com/se/hallon/15693/,https://onlineshopping.flysas.com/Images/Shops/hallon/se.jpg
Happy Angler,25,100,https://onlineshopping.flysas.com/se/happy-angler/18171/,https://onlineshopping.flysas.com/Images/Shops/happy-angler/se.jpg
Happy Day,50,100,https://onlineshopping.flysas.com/se/happy-days/18231/,https://onlineshopping.flysas.com/Images/Shops/happy-days/se.jpg
Happy Green,10,100,https://onlineshopping.flysas.com/se/happy-green/18432/,https://onlineshopping.flysas.com/Images/Shops/happy-green/se.jpg
Happy Plugs,50,100,https://onlineshopping.flysas.com/se/happy-plugs/18742/,https://onlineshopping.flysas.com/Images/Shops/happy-plugs/se.jpg
Happy Socks,50,100,https://onlineshopping.flysas.com/se/happy-socks/7583/,https://onlineshopping.flysas.com/Images/Shops/happy-socks/se.jpg
Hardloop,25,100,https://onlineshopping.flysas.com/se/hardloop/19552/,https://onlineshopping.flysas.com/Images/Shops/hardloop/se.jpg
Harman Kardon,25,100,https://onlineshopping.flysas.com/se/harman-kardon/19072/,https://onlineshopping.flysas.com/Images/Shops/harman-kardon/se.jpg
HBO Max,500,,https://onlineshopping.flysas.com/se/hbo-max/19428/,https://onlineshopping.flysas.com/Images/Shops/hbo-max/se.jpg
HelloFresh,1,,https://onlineshopping.flysas.com/se/hellofresh/19030/,https://onlineshopping.flysas.com/Images/Shops/hellofresh/se.jpg
Helloprint,25,100,https://onlineshopping.flysas.com/se/helloprint/19256/,https://onlineshopping.flysas.com/Images/Shops/helloprint/se.jpg
Hemmy,15,100,https://onlineshopping.flysas.com/se/hemmy/18824/,https://onlineshopping.flysas.com/Images/Shops/hemmy/se.jpg
Herschel Supply Co,10,100,https://onlineshopping.flysas.com/se/herschel-supply-company/19230/,https://onlineshopping.flysas.com/Images/Shops/herschel-supply-company/se.jpg
Hill Ceramic,25,100,https://onlineshopping.flysas.com/se/hill-ceramic/19373/,https://onlineshopping.flysas.com/Images/Shops/hill-ceramic/se.jpg
Hobo,25,100,https://onlineshopping.flysas.com/se/hobo/18770/,https://onlineshopping.flysas.com/Images/Shops/hobo/se.jpg
Holdit,25,100,https://onlineshopping.flysas.com/se/holdit/19463/,https://onlineshopping.flysas.com/Images/Shops/holdit/se.jpg
Home-Tex,25,100,https://onlineshopping.flysas.com/se/home-tex-1/19240/,https://onlineshopping.flysas.com/Images/Shops/home-tex-1/se.jpg
Homeroom,25,100,https://onlineshopping.flysas.com/se/homeroom/18716/,https://onlineshopping.flysas.com/Images/Shops/homeroom/se.jpg
Hometomato,25,100,https://onlineshopping.flysas.com/se/hometomato/19439/,https://onlineshopping.flysas.com/Images/Shops/hometomato/se.jpg
Homezan,50,100,https://onlineshopping.flysas.com/se/homezan/19016/,https://onlineshopping.flysas.com/Images/Shops/homezan/se.jpg
Hostinger,150,100,https://onlineshopping.flysas.com/se/hostinger/19452/,https://onlineshopping.flysas.com/Images/Shops/hostinger/se.jpg
Hotel At Six,25,100,https://onlineshopping.flysas.com/se/hotel-at-six/18771/,https://onlineshopping.flysas.com/Images/Shops/hotel-at-six/se.jpg
HP Online Store,10,100,https://onlineshopping.flysas.com/se/hp-sverige/6926/,https://onlineshopping.flysas.com/Images/Shops/hp-sverige/se.jpg
Hudoteket,25,100,https://onlineshopping.flysas.com/se/hudoteket/7940/,https://onlineshopping.flysas.com/Images/Shops/hudoteket/se.jpg
Hugo Boss,50,100,https://onlineshopping.flysas.com/se/hugo-boss/19360/,https://onlineshopping.flysas.com/Images/Shops/hugo-boss/se.jpg
Hulténs,50,100,https://onlineshopping.flysas.com/se/hulténs/17307/,https://onlineshopping.flysas.com/Images/Shops/hulténs/se.jpg
Hunkemöller,50,100,https://onlineshopping.flysas.com/se/hunkemoller/16814/,https://onlineshopping.flysas.com/Images/Shops/hunkemoller/se.jpg
Hyllor.se,50,100,https://onlineshopping.flysas.com/se/hyllor.se/18987/,https://onlineshopping.flysas.com/Images/Shops/hyllor.se/se.jpg
Hyperice,25,100,https://onlineshopping.flysas.com/se/hyperice/19332/,https://onlineshopping.flysas.com/Images/Shops/hyperice/se.jpg
Ida Warg,50,100,https://onlineshopping.flysas.com/se/ida-warg/19354/,https://onlineshopping.flysas.com/Images/Shops/ida-warg/se.jpg
Ideal of Sweden,50,100,https://onlineshopping.flysas.com/se/ideal-of-sweden/19246/,https://onlineshopping.flysas.com/Images/Shops/ideal-of-sweden/se.jpg
INDISKA,25,100,https://onlineshopping.flysas.com/se/indiska-2/19260/,https://onlineshopping.flysas.com/Images/Shops/indiska-2/se.jpg
InkClub,50,100,https://onlineshopping.flysas.com/se/inkclub/7326/,https://onlineshopping.flysas.com/Images/Shops/inkclub/se.jpg
InkEurope,50,100,https://onlineshopping.flysas.com/se/ink-europe/11551/,https://onlineshopping.flysas.com/Images/Shops/ink-europe/se.jpg
Inredningsvaruhuset,15,100,https://onlineshopping.flysas.com/se/inredningsvaruhuset/7989/,https://onlineshopping.flysas.com/Images/Shops/inredningsvaruhuset/se.jpg
Inspiri,25,100,https://onlineshopping.flysas.com/se/inspiri/18948/,https://onlineshopping.flysas.com/Images/Shops/inspiri/se.jpg
Interflora,50,100,https://onlineshopping.flysas.com/se/interflora/7214/,https://onlineshopping.flysas.com/Images/Shops/interflora/se.jpg
Interhome,25,100,https://onlineshopping.flysas.com/se/interhome/18679/,https://onlineshopping.flysas.com/Images/Shops/interhome/se.jpg
Iphonebutiken,50,100,https://onlineshopping.flysas.com/se/iphonebutiken/8598/,https://onlineshopping.flysas.com/Images/Shops/iphonebutiken/se.jpg
Jabra,25,100,https://onlineshopping.flysas.com/se/jabra/19549/,https://onlineshopping.flysas.com/Images/Shops/jabra/se.jpg
JBL.com,25,100,https://onlineshopping.flysas.com/se/jbl.com/7613/,https://onlineshopping.flysas.com/Images/Shops/jbl.com/se.jpg
JD Sports,75,100,https://onlineshopping.flysas.com/se/jd-sports-dk/18223/,https://onlineshopping.flysas.com/Images/Shops/jd-sports-dk/se.jpg
JFR,25,100,https://onlineshopping.flysas.com/se/jfr/18911/,https://onlineshopping.flysas.com/Images/Shops/jfr/se.jpg
Johnells,25,100,https://onlineshopping.flysas.com/se/johnells/7901/,https://onlineshopping.flysas.com/Images/Shops/johnells/se.jpg
Jolie Beauty,25,100,https://onlineshopping.flysas.com/se/jolie/13466/,https://onlineshopping.flysas.com/Images/Shops/jolie/se.jpg
Jotex,25,100,https://onlineshopping.flysas.com/se/jotex/18161/,https://onlineshopping.flysas.com/Images/Shops/jotex/se.jpg
Jultröja,25,100,https://onlineshopping.flysas.com/se/jultroja/19306/,https://onlineshopping.flysas.com/Images/Shops/jultroja/se.jpg
Juniqe,25,100,https://onlineshopping.flysas.com/se/junique/19135/,https://onlineshopping.flysas.com/Images/Shops/junique/se.jpg
Kabelbutikken,50,100,https://onlineshopping.flysas.com/se/kabelbutikken/19392/,https://onlineshopping.flysas.com/Images/Shops/kabelbutikken/se.jpg
Kate Spade,25,100,https://onlineshopping.flysas.com/se/kate-spade/19173/,https://onlineshopping.flysas.com/Images/Shops/kate-spade/se.jpg
Katshing,1,,https://onlineshopping.flysas.com/se/katshing-1/19199/,https://onlineshopping.flysas.com/Images/Shops/katshing-1/se.jpg
Kattkompaniet,25,100,https://onlineshopping.flysas.com/se/kattkompaniet/9079/,https://onlineshopping.flysas.com/Images/Shops/kattkompaniet/se.jpg
Kellfri,25,100,https://onlineshopping.flysas.com/se/kellfri/18968/,https://onlineshopping.flysas.com/Images/Shops/kellfri/se.jpg
Kid's Concept,50,100,https://onlineshopping.flysas.com/se/kid's-concept/19147/,https://onlineshopping.flysas.com/Images/Shops/kid's-concept/se.jpg
Kids-World,25,100,https://onlineshopping.flysas.com/se/kids-world/7080/,https://onlineshopping.flysas.com/Images/Shops/kids-world/se.jpg
KidsDreamStore,50,100,https://onlineshopping.flysas.com/se/kidsdreamstore/19380/,https://onlineshopping.flysas.com/Images/Shops/kidsdreamstore/se.jpg
Kissed by Eco,50,100,https://onlineshopping.flysas.com/se/kissed-by-eco/19063/,https://onlineshopping.flysas.com/Images/Shops/kissed-by-eco/se.jpg
KitchenAid,25,100,https://onlineshopping.flysas.com/se/kitchenaid/19505/,https://onlineshopping.flysas.com/Images/Shops/kitchenaid/se.jpg
KitchenTime,25,100,https://onlineshopping.flysas.com/se/kitchentime/7906/,https://onlineshopping.flysas.com/Images/Shops/kitchentime/se.jpg
Kjell & Company,25,100,https://onlineshopping.flysas.com/se/kjell-company/18907/,https://onlineshopping.flysas.com/Images/Shops/kjell-company/se.jpg
KLEEN Sports Nutrition..,50,100,https://onlineshopping.flysas.com/se/kleen-sports-nutrition/18989/,https://onlineshopping.flysas.com/Images/Shops/kleen-sports-nutrition/se.jpg
Klockarmbandvarld.se,10,100,https://onlineshopping.flysas.com/se/klockarmbandvarld.se/18457/,https://onlineshopping.flysas.com/Images/Shops/klockarmbandvarld.se/se.jpg
Klockia,25,100,https://onlineshopping.flysas.com/se/klockia/7216/,https://onlineshopping.flysas.com/Images/Shops/klockia/se.jpg
Klockspecialen,500,,https://onlineshopping.flysas.com/se/klockspecialen/18879/,https://onlineshopping.flysas.com/Images/Shops/klockspecialen/se.jpg
Knittingroom,25,100,https://onlineshopping.flysas.com/se/knittingroom/18755/,https://onlineshopping.flysas.com/Images/Shops/knittingroom/se.jpg
Kökets Favoriter,25,100,https://onlineshopping.flysas.com/se/koketsfavoriter/12631/,https://onlineshopping.flysas.com/Images/Shops/koketsfavoriter/se.jpg
Komplett,10,100,https://onlineshopping.flysas.com/se/komplett-1/19403/,https://onlineshopping.flysas.com/Images/Shops/komplett-1/se.jpg
Kontorsgiganten.se,25,100,https://onlineshopping.flysas.com/se/kontorsgiganten.se/18192/,https://onlineshopping.flysas.com/Images/Shops/kontorsgiganten.se/se.jpg
Kontorsnetto,25,100,https://onlineshopping.flysas.com/se/kontorsnetto/19372/,https://onlineshopping.flysas.com/Images/Shops/kontorsnetto/se.jpg
Kuben,50,100,https://onlineshopping.flysas.com/se/kuben/19502/,https://onlineshopping.flysas.com/Images/Shops/kuben/se.jpg
Kungsängen,25,100,https://onlineshopping.flysas.com/se/kungsangen/19444/,https://onlineshopping.flysas.com/Images/Shops/kungsangen/se.jpg
Kutts,50,100,https://onlineshopping.flysas.com/se/kutts/11913/,https://onlineshopping.flysas.com/Images/Shops/kutts/se.jpg
Laitis,25,100,https://onlineshopping.flysas.com/se/laitis/9205/,https://onlineshopping.flysas.com/Images/Shops/laitis/se.jpg
Lala Berlin,25,100,https://onlineshopping.flysas.com/se/lala-berlin/19353/,https://onlineshopping.flysas.com/Images/Shops/lala-berlin/se.jpg
Lamp24.se,25,100,https://onlineshopping.flysas.com/se/lamp24.se/7916/,https://onlineshopping.flysas.com/Images/Shops/lamp24.se/se.jpg
Lampemesteren,25,100,https://onlineshopping.flysas.com/se/lampemesteren/7353/,https://onlineshopping.flysas.com/Images/Shops/lampemesteren/se.jpg
Lampgallerian,25,100,https://onlineshopping.flysas.com/se/lampgallerian-1/19203/,https://onlineshopping.flysas.com/Images/Shops/lampgallerian-1/se.jpg
Lampornu.se,25,100,https://onlineshopping.flysas.com/se/lampornu.se/17279/,https://onlineshopping.flysas.com/Images/Shops/lampornu.se/se.jpg
Lamporochljus,25,100,https://onlineshopping.flysas.com/se/lamporochljus/18763/,https://onlineshopping.flysas.com/Images/Shops/lamporochljus/se.jpg
Länna Möbler,50,100,https://onlineshopping.flysas.com/se/lanna-mobler/19587/,https://onlineshopping.flysas.com/Images/Shops/lanna-mobler/se.jpg
Lappeliten,25,100,https://onlineshopping.flysas.com/se/lappeliten/19568/,https://onlineshopping.flysas.com/Images/Shops/lappeliten/se.jpg
LEGO,25,100,https://onlineshopping.flysas.com/se/lego/19410/,https://onlineshopping.flysas.com/Images/Shops/lego/se.jpg
Lekia,25,100,https://onlineshopping.flysas.com/se/lekia/19205/,https://onlineshopping.flysas.com/Images/Shops/lekia/se.jpg
Lekmer,25,100,https://onlineshopping.flysas.com/se/lekmer-1/19529/,https://onlineshopping.flysas.com/Images/Shops/lekmer-1/se.jpg
Leksakscity,25,100,https://onlineshopping.flysas.com/se/leksakscity/18926/,https://onlineshopping.flysas.com/Images/Shops/leksakscity/se.jpg
Lenovo,10,100,https://onlineshopping.flysas.com/se/lenovo-2/19515/,https://onlineshopping.flysas.com/Images/Shops/lenovo-2/se.jpg
LensOn,25,100,https://onlineshopping.flysas.com/se/lenson/7218/,https://onlineshopping.flysas.com/Images/Shops/lenson/se.jpg
Lensway,25,100,https://onlineshopping.flysas.com/se/lensway/6982/,https://onlineshopping.flysas.com/Images/Shops/lensway/se.jpg
Lentiamo,50,100,https://onlineshopping.flysas.com/se/lentiamo/18971/,https://onlineshopping.flysas.com/Images/Shops/lentiamo/se.jpg
Let's deal,50,100,https://onlineshopping.flysas.com/se/let's-deal/19117/,https://onlineshopping.flysas.com/Images/Shops/let's-deal/se.jpg
Levi's,25,100,https://onlineshopping.flysas.com/se/levi's/19441/,https://onlineshopping.flysas.com/Images/Shops/levi's/se.jpg
Life,25,100,https://onlineshopping.flysas.com/se/life-/18442/,https://onlineshopping.flysas.com/Images/Shops/life-/se.jpg
Lilja & Lykke,25,100,https://onlineshopping.flysas.com/se/lilja-lykke/18636/,https://onlineshopping.flysas.com/Images/Shops/lilja-lykke/se.jpg
Linas Matkasse,50,100,https://onlineshopping.flysas.com/se/linas-matkasse/7891/,https://onlineshopping.flysas.com/Images/Shops/linas-matkasse/se.jpg
Lindarome,100,100,https://onlineshopping.flysas.com/se/lindarome/18826/,https://onlineshopping.flysas.com/Images/Shops/lindarome/se.jpg
Lindex,25,100,https://onlineshopping.flysas.com/se/lindex/13529/,https://onlineshopping.flysas.com/Images/Shops/lindex/se.jpg
Linea,50,100,https://onlineshopping.flysas.com/se/linea/18920/,https://onlineshopping.flysas.com/Images/Shops/linea/se.jpg
Live it,25,100,https://onlineshopping.flysas.com/se/live-it/7028/,https://onlineshopping.flysas.com/Images/Shops/live-it/se.jpg
Lloyds Apotek,25,100,https://onlineshopping.flysas.com/se/lloyds-apotek/19202/,https://onlineshopping.flysas.com/Images/Shops/lloyds-apotek/se.jpg
Loddo,250,,https://onlineshopping.flysas.com/se/loddo/19003/,https://onlineshopping.flysas.com/Images/Shops/loddo/se.jpg
Logitech,10,100,https://onlineshopping.flysas.com/se/logitech/19508/,https://onlineshopping.flysas.com/Images/Shops/logitech/se.jpg
Loh Electronics,25,100,https://onlineshopping.flysas.com/se/loh-electronics/18215/,https://onlineshopping.flysas.com/Images/Shops/loh-electronics/se.jpg
Lookfantastic,25,100,https://onlineshopping.flysas.com/se/lookfantastic/7854/,https://onlineshopping.flysas.com/Images/Shops/lookfantastic/se.jpg
Lusini,25,100,https://onlineshopping.flysas.com/se/lusini/19530/,https://onlineshopping.flysas.com/Images/Shops/lusini/se.jpg
Lux-case,50,100,https://onlineshopping.flysas.com/se/lux-case/7112/,https://onlineshopping.flysas.com/Images/Shops/lux-case/se.jpg
Luxplus,50,100,https://onlineshopping.flysas.com/se/luxplus/18555/,https://onlineshopping.flysas.com/Images/Shops/luxplus/se.jpg
Lyreco,50,100,https://onlineshopping.flysas.com/se/lyreco/19546/,https://onlineshopping.flysas.com/Images/Shops/lyreco/se.jpg
Lysman,25,100,https://onlineshopping.flysas.com/se/lysman/19216/,https://onlineshopping.flysas.com/Images/Shops/lysman/se.jpg
MacKeeper,200,100,https://onlineshopping.flysas.com/se/mackeeper/19159/,https://onlineshopping.flysas.com/Images/Shops/mackeeper/se.jpg
Made4Men,25,100,https://onlineshopping.flysas.com/se/made4men/7907/,https://onlineshopping.flysas.com/Images/Shops/made4men/se.jpg
Magasin 11,50,100,https://onlineshopping.flysas.com/se/magasin11/10776/,https://onlineshopping.flysas.com/Images/Shops/magasin11/se.jpg
Magnussons ur,25,100,https://onlineshopping.flysas.com/se/magnussons-ur/19077/,https://onlineshopping.flysas.com/Images/Shops/magnussons-ur/se.jpg
Mammashop,50,100,https://onlineshopping.flysas.com/se/mammashop/9470/,https://onlineshopping.flysas.com/Images/Shops/mammashop/se.jpg
Many Pets försäkring..,1,,https://onlineshopping.flysas.com/se/many-pets/19349/,https://onlineshopping.flysas.com/Images/Shops/many-pets/se.jpg
Marda Swimwear,50,100,https://onlineshopping.flysas.com/se/marda-swimwear/19528/,https://onlineshopping.flysas.com/Images/Shops/marda-swimwear/se.jpg
Markslöjd,25,100,https://onlineshopping.flysas.com/se/markslojd-1/19296/,https://onlineshopping.flysas.com/Images/Shops/markslojd-1/se.jpg
Marshall Headphones,25,100,https://onlineshopping.flysas.com/se/marshall-1/19560/,https://onlineshopping.flysas.com/Images/Shops/marshall-1/se.jpg
Mat & Ro,1,,https://onlineshopping.flysas.com/se/mat-ro/19059/,https://onlineshopping.flysas.com/Images/Shops/mat-ro/se.jpg
Match.com,500,,https://onlineshopping.flysas.com/se/match.com/7086/,https://onlineshopping.flysas.com/Images/Shops/match.com/se.jpg
Matkomfort,750,,https://onlineshopping.flysas.com/se/matkomfort/18173/,https://onlineshopping.flysas.com/Images/Shops/matkomfort/se.jpg
Matsmart,25,100,https://onlineshopping.flysas.com/se/matsmart.no/18344/,https://onlineshopping.flysas.com/Images/Shops/matsmart.no/se.jpg
MaxPuls,25,100,https://onlineshopping.flysas.com/se/maxpuls.se/18198/,https://onlineshopping.flysas.com/Images/Shops/maxpuls.se/se.jpg
Mechanum,500,,https://onlineshopping.flysas.com/se/mechanum/18193/,https://onlineshopping.flysas.com/Images/Shops/mechanum/se.jpg
MediaMarkt,10,100,https://onlineshopping.flysas.com/se/mediamarkt/19217/,https://onlineshopping.flysas.com/Images/Shops/mediamarkt/se.jpg
MEDS,10,100,https://onlineshopping.flysas.com/se/meds.se/19591/,https://onlineshopping.flysas.com/Images/Shops/meds.se/se.jpg
Megashop.se,25,100,https://onlineshopping.flysas.com/se/megashop.se/18186/,https://onlineshopping.flysas.com/Images/Shops/megashop.se/se.jpg
Memira,1,,https://onlineshopping.flysas.com/se/memira-1/19431/,https://onlineshopping.flysas.com/Images/Shops/memira-1/se.jpg
Microsoft Store,10,100,https://onlineshopping.flysas.com/se/microsoft-store/6710/,https://onlineshopping.flysas.com/Images/Shops/microsoft-store/se.jpg
Middagsfrid,750,,https://onlineshopping.flysas.com/se/middagsfrid/7915/,https://onlineshopping.flysas.com/Images/Shops/middagsfrid/se.jpg
Miinto,25,100,https://onlineshopping.flysas.com/se/miinto/7341/,https://onlineshopping.flysas.com/Images/Shops/miinto/se.jpg
milrab.se,25,100,https://onlineshopping.flysas.com/se/milrab.se/18560/,https://onlineshopping.flysas.com/Images/Shops/milrab.se/se.jpg
Min Fot,25,100,https://onlineshopping.flysas.com/se/min-fot/16801/,https://onlineshopping.flysas.com/Images/Shops/min-fot/se.jpg
Mister Spex,25,100,https://onlineshopping.flysas.com/se/lensstore/8567/,https://onlineshopping.flysas.com/Images/Shops/lensstore/se.jpg
Monki,25,100,https://onlineshopping.flysas.com/se/monki/18802/,https://onlineshopping.flysas.com/Images/Shops/monki/se.jpg
Movesgood,50,100,https://onlineshopping.flysas.com/se/movesgood/18617/,https://onlineshopping.flysas.com/Images/Shops/movesgood/se.jpg
MQ MARQET,25,100,https://onlineshopping.flysas.com/se/mq/7836/,https://onlineshopping.flysas.com/Images/Shops/mq/se.jpg
mResell,25,100,https://onlineshopping.flysas.com/se/mresell/19167/,https://onlineshopping.flysas.com/Images/Shops/mresell/se.jpg
MultiTriathlon,25,100,https://onlineshopping.flysas.com/se/multitriathlon/18197/,https://onlineshopping.flysas.com/Images/Shops/multitriathlon/se.jpg
Musikbutiken,25,100,https://onlineshopping.flysas.com/se/musikbutiken/18549/,https://onlineshopping.flysas.com/Images/Shops/musikbutiken/se.jpg
MyProtein,75,100,https://onlineshopping.flysas.com/se/myprotein/7400/,https://onlineshopping.flysas.com/Images/Shops/myprotein/se.jpg
MyTrendyPhone,25,100,https://onlineshopping.flysas.com/se/mytrendyphone-1/19188/,https://onlineshopping.flysas.com/Images/Shops/mytrendyphone-1/se.jpg
NA-KD,25,100,https://onlineshopping.flysas.com/se/na-kd/7968/,https://onlineshopping.flysas.com/Images/Shops/na-kd/se.jpg
Nallebudet,75,100,https://onlineshopping.flysas.com/se/nallebudet/7053/,https://onlineshopping.flysas.com/Images/Shops/nallebudet/se.jpg
Namly,25,100,https://onlineshopping.flysas.com/se/namly/19557/,https://onlineshopping.flysas.com/Images/Shops/namly/se.jpg
Naturecan,25,100,https://onlineshopping.flysas.com/se/naturecan/19523/,https://onlineshopping.flysas.com/Images/Shops/naturecan/se.jpg
Nelly.com,25,100,https://onlineshopping.flysas.com/se/nelly.com/6929/,https://onlineshopping.flysas.com/Images/Shops/nelly.com/se.jpg
Netlingeri,25,100,https://onlineshopping.flysas.com/se/netlingeri.se/19280/,https://onlineshopping.flysas.com/Images/Shops/netlingeri.se/se.jpg
New Look of Sweden,50,100,https://onlineshopping.flysas.com/se/new-look-of-sweden/18994/,https://onlineshopping.flysas.com/Images/Shops/new-look-of-sweden/se.jpg
NewChic,50,100,https://onlineshopping.flysas.com/se/newchic/18424/,https://onlineshopping.flysas.com/Images/Shops/newchic/se.jpg
Newport,25,100,https://onlineshopping.flysas.com/se/newport/18891/,https://onlineshopping.flysas.com/Images/Shops/newport/se.jpg
Nextory,250,,https://onlineshopping.flysas.com/se/nextory/18616/,https://onlineshopping.flysas.com/Images/Shops/nextory/se.jpg
Nike,25,100,https://onlineshopping.flysas.com/se/nike/18904/,https://onlineshopping.flysas.com/Images/Shops/nike/se.jpg
Nividas,50,100,https://onlineshopping.flysas.com/se/nividas/18913/,https://onlineshopping.flysas.com/Images/Shops/nividas/se.jpg
NLY Man,25,100,https://onlineshopping.flysas.com/se/nly-man/7133/,https://onlineshopping.flysas.com/Images/Shops/nly-man/se.jpg
Nordic Choice Hotels,50,100,https://onlineshopping.flysas.com/se/nordic-choice-hotels/7574/,https://onlineshopping.flysas.com/Images/Shops/nordic-choice-hotels/se.jpg
Nordic Nest,50,100,https://onlineshopping.flysas.com/se/nordic-nest/18947/,https://onlineshopping.flysas.com/Images/Shops/nordic-nest/se.jpg
Nordic Padel,25,100,https://onlineshopping.flysas.com/se/nordic-padel/19544/,https://onlineshopping.flysas.com/Images/Shops/nordic-padel/se.jpg
Nordic Spectra,50,100,https://onlineshopping.flysas.com/se/jewelrybox/18977/,https://onlineshopping.flysas.com/Images/Shops/jewelrybox/se.jpg
NordicaGolf,50,100,https://onlineshopping.flysas.com/se/nordicagolf/19399/,https://onlineshopping.flysas.com/Images/Shops/nordicagolf/se.jpg
NordicInk,200,,https://onlineshopping.flysas.com/se/nordicink/8609/,https://onlineshopping.flysas.com/Images/Shops/nordicink/se.jpg
Nordiska Galleriet,50,100,https://onlineshopping.flysas.com/se/nordiska-galleriet/19514/,https://onlineshopping.flysas.com/Images/Shops/nordiska-galleriet/se.jpg
Nordstjärnan,25,100,https://onlineshopping.flysas.com/se/nordstjarnan/7911/,https://onlineshopping.flysas.com/Images/Shops/nordstjarnan/se.jpg
NordVPN,100,100,https://onlineshopping.flysas.com/se/nordvpn/19060/,https://onlineshopping.flysas.com/Images/Shops/nordvpn/se.jpg
Northmans,25,100,https://onlineshopping.flysas.com/se/northmans/18973/,https://onlineshopping.flysas.com/Images/Shops/northmans/se.jpg
Norton by Symantec,100,100,https://onlineshopping.flysas.com/se/norton-by-symantec/7933/,https://onlineshopping.flysas.com/Images/Shops/norton-by-symantec/se.jpg
Notino,10,100,https://onlineshopping.flysas.com/se/notino/19141/,https://onlineshopping.flysas.com/Images/Shops/notino/se.jpg
Nudient,25,100,https://onlineshopping.flysas.com/se/nudient/19517/,https://onlineshopping.flysas.com/Images/Shops/nudient/se.jpg
Nupo,25,100,https://onlineshopping.flysas.com/se/nupo/19194/,https://onlineshopping.flysas.com/Images/Shops/nupo/se.jpg
Odla.nu,25,100,https://onlineshopping.flysas.com/se/odla.nu-1/18480/,https://onlineshopping.flysas.com/Images/Shops/odla.nu-1/se.jpg
One.com,500,,https://onlineshopping.flysas.com/se/one.com-2/18361/,https://onlineshopping.flysas.com/Images/Shops/one.com-2/se.jpg
OnePlus,10,100,https://onlineshopping.flysas.com/se/oneplus/19224/,https://onlineshopping.flysas.com/Images/Shops/oneplus/se.jpg
Ongoal,25,100,https://onlineshopping.flysas.com/se/ongoal/18459/,https://onlineshopping.flysas.com/Images/Shops/ongoal/se.jpg
Önskefoto,50,100,https://onlineshopping.flysas.com/se/onskefoto/8006/,https://onlineshopping.flysas.com/Images/Shops/Onskefoto/se.jpg
Ord & Bok,25,100,https://onlineshopping.flysas.com/se/ordochbok/19334/,https://onlineshopping.flysas.com/Images/Shops/ordochbok/se.jpg
Ordochbok,25,100,https://onlineshopping.flysas.com/se/ordochbok/19574/,https://onlineshopping.flysas.com/Images/Shops/ordochbok/se.jpg
Organic Basics,25,100,https://onlineshopping.flysas.com/se/organic-basics/19525/,https://onlineshopping.flysas.com/Images/Shops/organic-basics/se.jpg
Oslo Skin Lab,1,,https://onlineshopping.flysas.com/se/oslo-skin-lab/18997/,https://onlineshopping.flysas.com/Images/Shops/oslo-skin-lab/se.jpg
Outdoorexperten,25,100,https://onlineshopping.flysas.com/se/outdoorexperten-2/19542/,https://onlineshopping.flysas.com/Images/Shops/outdoorexperten-2/se.jpg
Outnorth,25,100,https://onlineshopping.flysas.com/se/outnorth/6931/,https://onlineshopping.flysas.com/Images/Shops/outnorth/se.jpg
Ownit,1,,https://onlineshopping.flysas.com/se/ownit/18809/,https://onlineshopping.flysas.com/Images/Shops/ownit/se.jpg
P Lindberg,25,100,https://onlineshopping.flysas.com/se/p-lindberg/19247/,https://onlineshopping.flysas.com/Images/Shops/p-lindberg/se.jpg
Padel Nuestro,25,100,https://onlineshopping.flysas.com/se/padelnuestro/19538/,https://onlineshopping.flysas.com/Images/Shops/padelnuestro/se.jpg
Padelspecialisten,25,100,https://onlineshopping.flysas.com/se/padelspecialisten/19309/,https://onlineshopping.flysas.com/Images/Shops/padelspecialisten/se.jpg
PadelXpert,50,100,https://onlineshopping.flysas.com/se/padelxpert/19425/,https://onlineshopping.flysas.com/Images/Shops/padelxpert/se.jpg
Palace Resorts,25,100,https://onlineshopping.flysas.com/se/palace-resorts/19155/,https://onlineshopping.flysas.com/Images/Shops/palace-resorts/se.jpg
Panda Feet,50,100,https://onlineshopping.flysas.com/se/panda-feet/18458/,https://onlineshopping.flysas.com/Images/Shops/panda-feet/se.jpg
Parfym Klick,25,100,https://onlineshopping.flysas.com/se/perfume-click/18688/,https://onlineshopping.flysas.com/Images/Shops/perfume-click/se.jpg
Parfym.se,25,100,https://onlineshopping.flysas.com/se/parfym/7256/,https://onlineshopping.flysas.com/Images/Shops/parfym/se.jpg
Parfymonline,25,100,https://onlineshopping.flysas.com/se/parfymonline/7975/,https://onlineshopping.flysas.com/Images/Shops/parfymonline/se.jpg
PatPat,25,100,https://onlineshopping.flysas.com/se/patpat/19503/,https://onlineshopping.flysas.com/Images/Shops/patpat/se.jpg
Peace of Home,10,100,https://onlineshopping.flysas.com/se/peaceofhome/19094/,https://onlineshopping.flysas.com/Images/Shops/peaceofhome/se.jpg
Pen Store,50,100,https://onlineshopping.flysas.com/se/penstore/8936/,https://onlineshopping.flysas.com/Images/Shops/penstore/se.jpg
Petster,25,100,https://onlineshopping.flysas.com/se/petster/18991/,https://onlineshopping.flysas.com/Images/Shops/petster/se.jpg
Philips,25,100,https://onlineshopping.flysas.com/se/philips/6932/,https://onlineshopping.flysas.com/Images/Shops/philips/se.jpg
Pierre Robert,50,100,https://onlineshopping.flysas.com/se/pierre-robert/8035/,https://onlineshopping.flysas.com/Images/Shops/pierre-robert/se.jpg
PlickoPlock,25,100,https://onlineshopping.flysas.com/se/plickoplock/18187/,https://onlineshopping.flysas.com/Images/Shops/plickoplock/se.jpg
Plusshop,75,100,https://onlineshopping.flysas.com/se/plusshop/19208/,https://onlineshopping.flysas.com/Images/Shops/plusshop/se.jpg
PN Jakt AB,25,100,https://onlineshopping.flysas.com/se/pn-jakt-ab/8518/,https://onlineshopping.flysas.com/Images/Shops/pn-jakt-ab/se.jpg
Point A hotels,25,100,https://onlineshopping.flysas.com/se/point-a-hotels/19541/,https://onlineshopping.flysas.com/Images/Shops/point-a-hotels/se.jpg
Polarn O. Pyret,25,100,https://onlineshopping.flysas.com/se/polarnopyret/9069/,https://onlineshopping.flysas.com/Images/Shops/polarnopyret/se.jpg
Proffsmagasinet,25,100,https://onlineshopping.flysas.com/se/proffsmagasinet/18753/,https://onlineshopping.flysas.com/Images/Shops/proffsmagasinet/se.jpg
Proshop,10,100,https://onlineshopping.flysas.com/se/proshop/8496/,https://onlineshopping.flysas.com/Images/Shops/proshop/se.jpg
Protein,50,100,https://onlineshopping.flysas.com/se/protein/19589/,https://onlineshopping.flysas.com/Images/Shops/protein/se.jpg
ProteinBolaget,25,100,https://onlineshopping.flysas.com/se/proteinbolaget/7492/,https://onlineshopping.flysas.com/Images/Shops/proteinbolaget/se.jpg
Prylife,50,100,https://onlineshopping.flysas.com/se/prylife/19554/,https://onlineshopping.flysas.com/Images/Shops/prylife/se.jpg
Prylstaden,50,100,https://onlineshopping.flysas.com/se/prylstaden/18821/,https://onlineshopping.flysas.com/Images/Shops/prylstaden/se.jpg
Prylster,50,100,https://onlineshopping.flysas.com/se/prylster/19115/,https://onlineshopping.flysas.com/Images/Shops/prylster/se.jpg
Puma,25,100,https://onlineshopping.flysas.com/se/puma-1/19506/,https://onlineshopping.flysas.com/Images/Shops/puma-1/se.jpg
Pyret & Snäckan,20,100,https://onlineshopping.flysas.com/se/pyret-snackan/18803/,https://onlineshopping.flysas.com/Images/Shops/pyret-snackan/se.jpg
Racketspecialisten,10,100,https://onlineshopping.flysas.com/se/racketspecialisten/19500/,https://onlineshopping.flysas.com/Images/Shops/racketspecialisten/se.jpg
Radisson Hotels,25,100,https://onlineshopping.flysas.com/se/radisson-hotels/19440/,https://onlineshopping.flysas.com/Images/Shops/radisson-hotels/se.jpg
Ray-Ban,25,100,https://onlineshopping.flysas.com/se/ray-ban/19081/,https://onlineshopping.flysas.com/Images/Shops/ray-ban/se.jpg
Razer,10,100,https://onlineshopping.flysas.com/se/razer/19526/,https://onlineshopping.flysas.com/Images/Shops/razer/se.jpg
Reebok,25,100,https://onlineshopping.flysas.com/se/reebok/17065/,https://onlineshopping.flysas.com/Images/Shops/reebok/se.jpg
Rehabgrossisten,25,100,https://onlineshopping.flysas.com/se/rehabgrossisten/19221/,https://onlineshopping.flysas.com/Images/Shops/rehabgrossisten/se.jpg
Resväskor,25,100,https://onlineshopping.flysas.com/se/resvaskor/18889/,https://onlineshopping.flysas.com/Images/Shops/resvaskor/se.jpg
Richmond & Finch,25,100,https://onlineshopping.flysas.com/se/richmond-finch/18565/,https://onlineshopping.flysas.com/Images/Shops/richmond-finch/se.jpg
Rimowa,25,100,https://onlineshopping.flysas.com/se/rimowa/19157/,https://onlineshopping.flysas.com/Images/Shops/rimowa/se.jpg
Risskov,25,100,https://onlineshopping.flysas.com/se/risskov-1/19395/,https://onlineshopping.flysas.com/Images/Shops/risskov-1/se.jpg
RITO,50,100,https://onlineshopping.flysas.com/se/rito/18594/,https://onlineshopping.flysas.com/Images/Shops/rito/se.jpg
Röhnisch,50,100,https://onlineshopping.flysas.com/se/rohnisch/9164/,https://onlineshopping.flysas.com/Images/Shops/rohnisch/se.jpg
Royal Design,25,100,https://onlineshopping.flysas.com/se/royal-design/6899/,https://onlineshopping.flysas.com/Images/Shops/royal-design/se.jpg
Rum21,25,100,https://onlineshopping.flysas.com/se/room21/7864/,https://onlineshopping.flysas.com/Images/Shops/room21/se.jpg
SACKit,25,100,https://onlineshopping.flysas.com/se/sackit-se/19327/,https://onlineshopping.flysas.com/Images/Shops/sackit-se/se.jpg
Sail Racing,50,100,https://onlineshopping.flysas.com/se/sail-racing/18930/,https://onlineshopping.flysas.com/Images/Shops/sail-racing/se.jpg
Salming,50,100,https://onlineshopping.flysas.com/se/salming/17510/,https://onlineshopping.flysas.com/Images/Shops/salming/se.jpg
Sandqvist,25,100,https://onlineshopping.flysas.com/se/sandqvist-1/19470/,https://onlineshopping.flysas.com/Images/Shops/sandqvist-1/se.jpg
Scandic,25,100,https://onlineshopping.flysas.com/se/scandic-1/19555/,https://onlineshopping.flysas.com/Images/Shops/scandic-1/se.jpg
scandinavian jewelry design..,25,100,https://onlineshopping.flysas.com/se/scandinavian-jewelry-design/19492/,https://onlineshopping.flysas.com/Images/Shops/scandinavian-jewelry-design/se.jpg
Se Möbler,25,100,https://onlineshopping.flysas.com/se/se-mobler/19491/,https://onlineshopping.flysas.com/Images/Shops/se-mobler/se.jpg
Sephora,25,100,https://onlineshopping.flysas.com/se/sephora/18618/,https://onlineshopping.flysas.com/Images/Shops/sephora/se.jpg
Shaping New Tomorrow,25,100,https://onlineshopping.flysas.com/se/shaping-new-tomorrow/18780/,https://onlineshopping.flysas.com/Images/Shops/shaping-new-tomorrow/se.jpg
Shirtstore,50,100,https://onlineshopping.flysas.com/se/shirtstore/8388/,https://onlineshopping.flysas.com/Images/Shops/shirtstore/se.jpg
Shoemed,50,100,https://onlineshopping.flysas.com/se/shoemed/8020/,https://onlineshopping.flysas.com/Images/Shops/shoemed/se.jpg
Shopido,50,100,https://onlineshopping.flysas.com/se/shopido/19010/,https://onlineshopping.flysas.com/Images/Shops/shopido/se.jpg
Shopping4net,25,100,https://onlineshopping.flysas.com/se/shopping4net/6902/,https://onlineshopping.flysas.com/Images/Shops/shopping4net/se.jpg
Shytobuy,50,100,https://onlineshopping.flysas.com/se/shytobuy-1/19252/,https://onlineshopping.flysas.com/Images/Shops/shytobuy-1/se.jpg
Sif Jakobs,25,100,https://onlineshopping.flysas.com/se/sif-jakobs/19478/,https://onlineshopping.flysas.com/Images/Shops/sif-jakobs/se.jpg
Simply.com,1,,https://onlineshopping.flysas.com/se/simply.com-1/19407/,https://onlineshopping.flysas.com/Images/Shops/simply.com-1/se.jpg
SizeOfficial,25,100,https://onlineshopping.flysas.com/se/sizeofficial/18496/,https://onlineshopping.flysas.com/Images/Shops/sizeofficial/se.jpg
Sjöstrand Coffee,50,100,https://onlineshopping.flysas.com/se/sjøstrand-coffee/19045/,https://onlineshopping.flysas.com/Images/Shops/sjøstrand-coffee/se.jpg
Skechers,25,100,https://onlineshopping.flysas.com/se/skechers/19457/,https://onlineshopping.flysas.com/Images/Shops/skechers/se.jpg
Skistarshop,20,100,https://onlineshopping.flysas.com/se/skistarshop/19590/,https://onlineshopping.flysas.com/Images/Shops/skistarshop/se.jpg
Skistart,15,100,https://onlineshopping.flysas.com/se/skistart/7228/,https://onlineshopping.flysas.com/Images/Shops/skistart/se.jpg
Skruvat,25,100,https://onlineshopping.flysas.com/se/skruvat/7898/,https://onlineshopping.flysas.com/Images/Shops/skruvat/se.jpg
sliqhaq.se,50,100,https://onlineshopping.flysas.com/se/sliqhaq.se/8786/,https://onlineshopping.flysas.com/Images/Shops/sliqhaq.se/se.jpg
Småkassen,50,100,https://onlineshopping.flysas.com/se/smakassen/19112/,https://onlineshopping.flysas.com/Images/Shops/smakassen/se.jpg
SmartBuyGlasses,25,100,https://onlineshopping.flysas.com/se/smartbuyglasses/18507/,https://onlineshopping.flysas.com/Images/Shops/smartbuyglasses/se.jpg
Smartphoto,25,100,https://onlineshopping.flysas.com/se/smartphoto-se/18906/,https://onlineshopping.flysas.com/Images/Shops/smartphoto-se/se.jpg
Smyckendahls,50,100,https://onlineshopping.flysas.com/se/smyckendahls/19007/,https://onlineshopping.flysas.com/Images/Shops/smyckendahls/se.jpg
SnappCar,100,100,https://onlineshopping.flysas.com/se/snappcar-1/18591/,https://onlineshopping.flysas.com/Images/Shops/snappcar-1/se.jpg
Sneakersnstuff,25,100,https://onlineshopping.flysas.com/se/sneakersnstuff/7483/,https://onlineshopping.flysas.com/Images/Shops/sneakersnstuff/se.jpg
SoBling,50,100,https://onlineshopping.flysas.com/se/sobling/6934/,https://onlineshopping.flysas.com/Images/Shops/sobling/se.jpg
Söderströms,10,100,https://onlineshopping.flysas.com/se/soderstroms-1/19310/,https://onlineshopping.flysas.com/Images/Shops/soderstroms-1/se.jpg
Soffadirekt,25,100,https://onlineshopping.flysas.com/se/soffadirekt/8488/,https://onlineshopping.flysas.com/Images/Shops/soffadirekt/se.jpg
Solhem Inredning,25,100,https://onlineshopping.flysas.com/se/solhem-inredning/7986/,https://onlineshopping.flysas.com/Images/Shops/solhem-inredning/se.jpg
Somfy,50,100,https://onlineshopping.flysas.com/se/somfy/18893/,https://onlineshopping.flysas.com/Images/Shops/somfy/se.jpg
Sonos,50,100,https://onlineshopping.flysas.com/se/sonos/19143/,https://onlineshopping.flysas.com/Images/Shops/sonos/se.jpg
Sothie,25,100,https://onlineshopping.flysas.com/se/sothie/19548/,https://onlineshopping.flysas.com/Images/Shops/sothie/se.jpg
SoundStoreXL,25,100,https://onlineshopping.flysas.com/se/soundstorexl/19421/,https://onlineshopping.flysas.com/Images/Shops/soundstorexl/se.jpg
Sova,25,100,https://onlineshopping.flysas.com/se/sova/18723/,https://onlineshopping.flysas.com/Images/Shops/sova/se.jpg
Sparnet,50,100,https://onlineshopping.flysas.com/se/sparnet/18949/,https://onlineshopping.flysas.com/Images/Shops/sparnet/se.jpg
Sportgymbutiken,25,100,https://onlineshopping.flysas.com/se/sportgymbutiken/8275/,https://onlineshopping.flysas.com/Images/Shops/sportgymbutiken/se.jpg
Sportkost.se,25,100,https://onlineshopping.flysas.com/se/sportkost.se/19308/,https://onlineshopping.flysas.com/Images/Shops/sportkost.se/se.jpg
Sportproffsen,25,100,https://onlineshopping.flysas.com/se/sportproffsen/19386/,https://onlineshopping.flysas.com/Images/Shops/sportproffsen/se.jpg
Sportshopen,25,100,https://onlineshopping.flysas.com/se/sportshoppen/19583/,https://onlineshopping.flysas.com/Images/Shops/sportshoppen/se.jpg
Sportsmart,50,100,https://onlineshopping.flysas.com/se/sportsmart/8962/,https://onlineshopping.flysas.com/Images/Shops/sportsmart/se.jpg
Sporttema,25,100,https://onlineshopping.flysas.com/se/sporttema/7481/,https://onlineshopping.flysas.com/Images/Shops/sporttema/se.jpg
Stålhästen,10,100,https://onlineshopping.flysas.com/se/stalhasten/19307/,https://onlineshopping.flysas.com/Images/Shops/stalhasten/se.jpg
Stay In Place,25,100,https://onlineshopping.flysas.com/se/stay-in-place/18722/,https://onlineshopping.flysas.com/Images/Shops/stay-in-place/se.jpg
Stella McCartney,25,100,https://onlineshopping.flysas.com/se/stella-mccartney/19243/,https://onlineshopping.flysas.com/Images/Shops/stella-mccartney/se.jpg
Stick,50,100,https://onlineshopping.flysas.com/se/stick.se/19171/,https://onlineshopping.flysas.com/Images/Shops/stick.se/se.jpg
Stiga Sports,50,100,https://onlineshopping.flysas.com/se/stiga-games/18822/,https://onlineshopping.flysas.com/Images/Shops/stiga-games/se.jpg
Stjärnurmakarna,25,100,https://onlineshopping.flysas.com/se/stjarnurmakarna-1/19261/,https://onlineshopping.flysas.com/Images/Shops/stjarnurmakarna-1/se.jpg
StockX,10,100,https://onlineshopping.flysas.com/se/stockx/19540/,https://onlineshopping.flysas.com/Images/Shops/stockx/se.jpg
Stööks,25,100,https://onlineshopping.flysas.com/se/stooks-1/19329/,https://onlineshopping.flysas.com/Images/Shops/stooks-1/se.jpg
Stor & Liten,25,100,https://onlineshopping.flysas.com/se/stor-liten/7912/,https://onlineshopping.flysas.com/Images/Shops/stor-liten/se.jpg
Stormberg,50,100,https://onlineshopping.flysas.com/se/stormberg/7324/,https://onlineshopping.flysas.com/Images/Shops/stormberg/se.jpg
Stronger,50,100,https://onlineshopping.flysas.com/se/stronger/7947/,https://onlineshopping.flysas.com/Images/Shops/stronger/se.jpg
Stuffstore,100,100,https://onlineshopping.flysas.com/se/stuffstore/19477/,https://onlineshopping.flysas.com/Images/Shops/stuffstore/se.jpg
Stylingagenten.se,50,100,https://onlineshopping.flysas.com/se/stylingagenten.se-2/19042/,https://onlineshopping.flysas.com/Images/Shops/stylingagenten.se-2/se.jpg
Suitopia,50,100,https://onlineshopping.flysas.com/se/suitopia/18869/,https://onlineshopping.flysas.com/Images/Shops/suitopia/se.jpg
